0.004206371427471351,0.4336140651038029,0.19086137474020076,0.004206371427471351,0.004206371427471351,0.004206371427471351,0.6698807316869972,0.4707082309002977,3.0877201798956944,0.004206371427471351,0.06725577961620728,0.7974399492738534,0.2579721930114021
0.004206371427471351,0.21343708505450204,0.19086137474020076,0.004206371427471351,0.004206371427471351,0.004206371427471351,0.36067377915790794,0.2758307315860937,3.4024380220831145,0.004206371427471351,0.06725577961620728,0.7974399492738534,0.452849692325606
0.004206371427471351,0.21343708505450204,0.19086137474020076,0.004206371427471351,0.004206371427471351,0.004206371427471351,0.7602790647676864,0.4976917420950337,3.4654874302718497,0.004206371427471351,0.004206371427471351,0.7116691647055062,0.5386204768939531
0.004206371427471351,0.21343708505450204,0.19086137474020076,0.004206371427471351,0.004206371427471351,0.004206371427471351,0.7602790647676864,0.036572285976616915,3.7550653172535733,0.004206371427471351,0.004206371427471351,0.17597365315513516,0.5386204768939531
0.004206371427471351,0.21343708505450204,0.19086137474020076,0.004206371427471351,0.004206371427471351,0.004206371427471351,0.7602790647676864,0.036572285976616915,3.7550653172535733,0.004206371427471351,0.004206371427471351,0.17597365315513516,0.6201027222338831
0.004206371427471351,0.10813306244160352,0.19086137474020076,0.004206371427471351,0.004206371427471351,0.004206371427471351,0.7602790647676864,0.2314497852908208,3.7550653172535733,0.004206371427471351,0.004206371427471351,0.09449140781520528,0.6201027222338831
0.004206371427471351,0.10813306244160352,0.5904666603499792,0.004206371427471351,0.004206371427471351,0.004206371427471351,0.7602790647676864,0.036572285976616915,3.8365475625935037,0.004206371427471351,0.004206371427471351,0.09449140781520528,0.5386204768939531
0.004206371427471351,0.10813306244160352,0.5904666603499792,0.004206371427471351,0.004206371427471351,0.004206371427471351,0.36067377915790794,0.036572285976616915,4.031425061907706,0.004206371427471351,0.004206371427471351,0.09449140781520528,0.5386204768939531
0.004206371427471351,0.10813306244160352,0.5904666603499792,0.004206371427471351,0.004206371427471351,0.004206371427471351,0.36067377915790794,0.036572285976616915,4.190154003083496,0.004206371427471351,0.004206371427471351,0.09449140781520528,0.34374297757974925
0.004206371427471351,0.10813306244160352,0.5904666603499792,0.004206371427471351,0.004206371427471351,0.004206371427471351,0.36067377915790794,0.036572285976616915,4.190154003083496,0.004206371427471351,0.004206371427471351,0.09449140781520528,0.18501403640395958
0.004206371427471351,0.10813306244160352,0.5904666603499792,0.004206371427471351,0.004206371427471351,0.004206371427471351,0.36067377915790794,0.036572285976616915,4.190154003083496,0.004206371427471351,0.004206371427471351,0.49409669342498364,0.18501403640395958
0.004206371427471351,0.10813306244160352,0.19086137474020076,0.004206371427471351,0.004206371427471351,0.004206371427471351,0.36067377915790794,0.036572285976616915,4.190154003083496,0.004206371427471351,0.004206371427471351,0.49409669342498364,0.18501403640395958
0.004206371427471351,0.10813306244160352,0.19086137474020076,0.004206371427471351,0.004206371427471351,0.004206371427471351,0.36067377915790794,0.036572285976616915,4.190154003083496,0.004206371427471351,0.004206371427471351,0.49409669342498364,0.18501403640395958
0.004206371427471351,0.10813306244160352,0.19086137474020076,0.004206371427471351,0.004206371427471351,0.004206371427471351,0.36067377915790794,0.036572285976616915,4.190154003083496,0.004206371427471351,0.004206371427471351,0.49409669342498364,0.2664962817438894
0.004206371427471351,0.10813306244160352,0.19086137474020076,0.004206371427471351,0.004206371427471351,0.004206371427471351,0.36067377915790794,0.036572285976616915,4.190154003083496,0.004206371427471351,0.004206371427471351,0.49409669342498364,0.2664962817438894
0.004206371427471351,0.10813306244160352,0.19086137474020076,0.004206371427471351,0.004206371427471351,0.004206371427471351,0.36067377915790794,0.036572285976616915,4.190154003083496,0.004206371427471351,0.004206371427471351,0.49409669342498364,0.18501403640395958
0.004206371427471351,0.10813306244160352,0.04006888062320051,0.004206371427471351,0.004206371427471351,0.004206371427471351,0.36067377915790794,0.036572285976616915,4.190154003083496,0.004206371427471351,0.004206371427471351,0.49409669342498364,0.18501403640395958
0.004206371427471351,0.10813306244160352,0.04006888062320051,0.004206371427471351,0.004206371427471351,0.004206371427471351,0.36067377915790794,0.18736478009361718,4.275924787651844,0.004206371427471351,0.004206371427471351,0.09449140781520528,0.674904358401472
0.004206371427471351,0.10813306244160352,0.04006888062320051,0.004206371427471351,0.004206371427471351,0.004206371427471351,0.36067377915790794,0.036572285976616915,4.426717281768843,0.004206371427471351,0.004206371427471351,0.004206371427471351,0.5891335738331247
0.004206371427471351,0.10813306244160352,0.04006888062320051,0.004206371427471351,0.004206371427471351,0.004206371427471351,0.36067377915790794,0.036572285976616915,4.426717281768843,0.004206371427471351,0.004206371427471351,0.4248435141746065,0.5891335738331247
0.004206371427471351,0.10813306244160352,0.04006888062320051,0.004206371427471351,0.004206371427471351,0.004206371427471351,0.36067377915790794,0.036572285976616915,4.426717281768843,0.004206371427471351,0.004206371427471351,0.4248435141746065,0.1895282882233463
0.004206371427471351,0.10813306244160352,0.04006888062320051,0.004206371427471351,0.004206371427471351,0.004206371427471351,0.36067377915790794,0.036572285976616915,4.517002318156577,0.004206371427471351,0.004206371427471351,0.4248435141746065,0.1895282882233463
0.004206371427471351,0.19841809882933742,0.04006888062320051,0.004206371427471351,0.004206371427471351,0.004206371427471351,0.36067377915790794,0.036572285976616915,4.426717281768843,0.004206371427471351,0.004206371427471351,0.4248435141746065,0.09924325183561232
0.004206371427471351,0.19841809882933742,0.04006888062320051,0.004206371427471351,0.004206371427471351,0.004206371427471351,0.36067377915790794,0.036572285976616915,4.426717281768843,0.004206371427471351,0.004206371427471351,0.4248435141746065,0.09924325183561232
0.004206371427471351,0.19841809882933742,0.04006888062320051,0.004206371427471351,0.004206371427471351,0.004206371427471351,0.36067377915790794,0.036572285976616915,4.426717281768843,0.004206371427471351,0.004206371427471351,0.4248435141746065,0.09924325183561232
0.004206371427471351,0.19841809882933742,0.04006888062320051,0.004206371427471351,0.004206371427471351,0.004206371427471351,0.36067377915790794,0.036572285976616915,4.426717281768843,0.004206371427471351,0.004206371427471351,0.4248435141746065,0.09924325183561232
0.004206371427471351,0.19841809882933742,0.04006888062320051,0.004206371427471351,0.004206371427471351,0.004206371427471351,0.36067377915790794,0.036572285976616915,4.426717281768843,0.004206371427471351,0.004206371427471351,0.4248435141746065,0.09924325183561232
0.004206371427471351,0.19841809882933742,0.04006888062320051,0.004206371427471351,0.004206371427471351,0.004206371427471351,0.36067377915790794,0.036572285976616915,4.426717281768843,0.004206371427471351,0.004206371427471351,0.4248435141746065,0.09924325183561232
0.004206371427471351,0.19841809882933742,0.04006888062320051,0.004206371427471351,0.004206371427471351,0.004206371427471351,0.36067377915790794,0.036572285976616915,4.426717281768843,0.004206371427471351,0.004206371427471351,0.4248435141746065,0.09924325183561232
0.004206371427471351,0.19841809882933742,0.04006888062320051,0.004206371427471351,0.004206371427471351,0.004206371427471351,0.36067377915790794,0.45720942872375203,4.426717281768843,0.004206371427471351,0.004206371427471351,0.4248435141746065,0.09924325183561232
0.004206371427471351,0.19841809882933742,0.04006888062320051,0.004206371427471351,0.004206371427471351,0.004206371427471351,0.36067377915790794,0.036572285976616915,4.426717281768843,0.004206371427471351,0.004206371427471351,0.4248435141746065,0.09924325183561232
0.004206371427471351,0.19841809882933742,0.04006888062320051,0.004206371427471351,0.004206371427471351,0.004206371427471351,0.36067377915790794,0.45720942872375203,4.426717281768843,0.004206371427471351,0.004206371427471351,0.4248435141746065,0.09924325183561232
0.004206371427471351,0.19841809882933742,0.04006888062320051,0.004206371427471351,0.004206371427471351,0.004206371427471351,0.36067377915790794,0.036572285976616915,4.847354424515978,0.004206371427471351,0.004206371427471351,0.004206371427471351,0.09924325183561232
0.004206371427471351,0.19841809882933742,0.04006888062320051,0.004206371427471351,0.004206371427471351,0.004206371427471351,0.36067377915790794,0.036572285976616915,4.847354424515978,0.004206371427471351,0.004206371427471351,0.004206371427471351,0.09924325183561232
0.004206371427471351,0.24977223585786396,0.04006888062320051,0.004206371427471351,0.004206371427471351,0.004206371427471351,0.36067377915790794,0.036572285976616915,4.847354424515978,0.004206371427471351,0.004206371427471351,0.004206371427471351,0.09924325183561232
0.004206371427471351,0.24977223585786396,0.04006888062320051,0.004206371427471351,0.004206371427471351,0.004206371427471351,0.36067377915790794,0.036572285976616915,4.850057273833268,0.004206371427471351,0.004206371427471351,0.004206371427471351,0.09924325183561232
0.004206371427471351,0.19841809882933742,0.04006888062320051,0.004206371427471351,0.004206371427471351,0.004206371427471351,0.36067377915790794,0.036572285976616915,4.955361296446168,0.004206371427471351,0.004206371427471351,0.004206371427471351,0.09924325183561232
0.004206371427471351,0.19841809882933742,0.04006888062320051,0.004206371427471351,0.004206371427471351,0.004206371427471351,0.36067377915790794,0.036572285976616915,4.955361296446168,0.004206371427471351,0.004206371427471351,0.004206371427471351,0.09924325183561232
0.004206371427471351,0.19841809882933742,0.04006888062320051,0.004206371427471351,0.004206371427471351,0.004206371427471351,0.36067377915790794,0.036572285976616915,4.955361296446168,0.004206371427471351,0.004206371427471351,0.004206371427471351,0.09924325183561232
0.004206371427471351,0.19841809882933742,0.04006888062320051,0.004206371427471351,0.004206371427471351,0.004206371427471351,0.36067377915790794,0.036572285976616915,4.999391049681002,0.004206371427471351,0.004206371427471351,0.004206371427471351,0.09924325183561232
0.004206371427471351,0.3070629507601205,0.04006888062320051,0.004206371427471351,0.004206371427471351,0.004206371427471351,0.36067377915790794,0.036572285976616915,4.9575627841079095,0.004206371427471351,0.004206371427471351,0.004206371427471351,0.09924325183561232
0.004206371427471351,0.19621661116759576,0.04006888062320051,0.004206371427471351,0.004206371427471351,0.004206371427471351,0.36067377915790794,0.036572285976616915,4.9575627841079095,0.004206371427471351,0.004206371427471351,0.004206371427471351,0.09924325183561232
0.004206371427471351,0.1363196733882966,0.04006888062320051,0.004206371427471351,0.004206371427471351,0.004206371427471351,0.36067377915790794,0.036572285976616915,4.9575627841079095,0.004206371427471351,0.004206371427471351,0.004206371427471351,0.09924325183561232
0.004206371427471351,0.27240989932888937,0.04006888062320051,0.004206371427471351,0.004206371427471351,0.004206371427471351,0.36067377915790794,0.036572285976616915,4.9575627841079095,0.004206371427471351,0.004206371427471351,0.004206371427471351,0.09924325183561232
0.004206371427471351,0.1363196733882966,0.04006888062320051,0.004206371427471351,0.004206371427471351,0.004206371427471351,0.36067377915790794,0.036572285976616915,4.9575627841079095,0.004206371427471351,0.004206371427471351,0.004206371427471351,0.09924325183561232
0.004206371427471351,0.1363196733882966,0.04006888062320051,0.004206371427471351,0.004206371427471351,0.004206371427471351,0.36067377915790794,0.036572285976616915,4.9575627841079095,0.004206371427471351,0.004206371427471351,0.004206371427471351,0.09924325183561232
0.004206371427471351,0.1363196733882966,0.04006888062320051,0.004206371427471351,0.004206371427471351,0.004206371427471351,0.36067377915790794,0.036572285976616915,4.9575627841079095,0.004206371427471351,0.004206371427471351,0.004206371427471351,0.09924325183561232
0.004206371427471351,0.1363196733882966,0.04006888062320051,0.004206371427471351,0.004206371427471351,0.004206371427471351,0.36067377915790794,0.036572285976616915,4.9575627841079095,0.004206371427471351,0.004206371427471351,0.004206371427471351,0.09924325183561232
0.004206371427471351,0.1363196733882966,0.04006888062320051,0.004206371427471351,0.004206371427471351,0.004206371427471351,0.36067377915790794,0.036572285976616915,4.9575627841079095,0.004206371427471351,0.004206371427471351,0.004206371427471351,0.09924325183561232
0.004206371427471351,0.1363196733882966,0.04006888062320051,0.004206371427471351,0.004206371427471351,0.004206371427471351,0.36067377915790794,0.036572285976616915,4.9575627841079095,0.004206371427471351,0.004206371427471351,0.004206371427471351,0.09924325183561232
0.004206371427471351,0.1363196733882966,0.04006888062320051,0.004206371427471351,0.004206371427471351,0.004206371427471351,0.36067377915790794,0.036572285976616915,4.9575627841079095,0.004206371427471351,0.004206371427471351,0.004206371427471351,0.09924325183561232
0.004206371427471351,0.1363196733882966,0.04006888062320051,0.004206371427471351,0.004206371427471351,0.004206371427471351,0.36067377915790794,0.036572285976616915,4.9575627841079095,0.004206371427471351,0.004206371427471351,0.004206371427471351,0.09924325183561232
0.004206371427471351,0.1363196733882966,0.04006888062320051,0.004206371427471351,0.004206371427471351,0.004206371427471351,0.36067377915790794,0.036572285976616915,4.9575627841079095,0.004206371427471351,0.004206371427471351,0.004206371427471351,0.09924325183561232
0.004206371427471351,0.1363196733882966,0.04006888062320051,0.004206371427471351,0.004206371427471351,0.004206371427471351,0.36067377915790794,0.036572285976616915,4.9575627841079095,0.004206371427471351,0.004206371427471351,0.004206371427471351,0.09924325183561232
0.004206371427471351,0.1363196733882966,0.04006888062320051,0.004206371427471351,0.004206371427471351,0.004206371427471351,0.36067377915790794,0.036572285976616915,4.9575627841079095,0.004206371427471351,0.004206371427471351,0.004206371427471351,0.09924325183561232
0.004206371427471351,0.1363196733882966,0.04006888062320051,0.004206371427471351,0.004206371427471351,0.004206371427471351,0.36067377915790794,0.036572285976616915,4.9575627841079095,0.004206371427471351,0.004206371427471351,0.004206371427471351,0.09924325183561232
0.004206371427471351,0.1363196733882966,0.04006888062320051,0.004206371427471351,0.004206371427471351,0.004206371427471351,0.36067377915790794,0.036572285976616915,4.9575627841079095,0.004206371427471351,0.004206371427471351,0.004206371427471351,0.09924325183561232
0.004206371427471351,0.1363196733882966,0.04006888062320051,0.004206371427471351,0.004206371427471351,0.004206371427471351,0.36067377915790794,0.036572285976616915,4.9575627841079095,0.004206371427471351,0.004206371427471351,0.004206371427471351,0.09924325183561232
0.004206371427471351,0.046034637000562664,0.04006888062320051,0.004206371427471351,0.004206371427471351,0.004206371427471351,0.36067377915790794,0.036572285976616915,4.9575627841079095,0.004206371427471351,0.004206371427471351,0.004206371427471351,0.09924325183561232
0.004206371427471351,0.046034637000562664,0.04006888062320051,0.004206371427471351,0.004206371427471351,0.004206371427471351,0.36067377915790794,0.036572285976616915,4.9575627841079095,0.004206371427471351,0.004206371427471351,0.004206371427471351,0.09924325183561232
0.004206371427471351,0.046034637000562664,0.04006888062320051,0.004206371427471351,0.004206371427471351,0.004206371427471351,0.36067377915790794,0.036572285976616915,4.9575627841079095,0.004206371427471351,0.004206371427471351,0.004206371427471351,0.09924325183561232
0.004206371427471351,0.046034637000562664,0.04006888062320051,0.004206371427471351,0.004206371427471351,0.004206371427471351,0.36067377915790794,0.036572285976616915,4.9575627841079095,0.004206371427471351,0.004206371427471351,0.004206371427471351,0.09924325183561232
0.004206371427471351,0.046034637000562664,0.04006888062320051,0.004206371427471351,0.004206371427471351,0.004206371427471351,0.36067377915790794,0.036572285976616915,4.9575627841079095,0.004206371427471351,0.004206371427471351,0.004206371427471351,0.09924325183561232
0.004206371427471351,0.046034637000562664,0.04006888062320051,0.004206371427471351,0.004206371427471351,0.004206371427471351,0.36067377915790794,0.036572285976616915,4.9575627841079095,0.004206371427471351,0.004206371427471351,0.004206371427471351,0.09924325183561232
0.004206371427471351,0.1275168823404925,0.04006888062320051,0.004206371427471351,0.004206371427471351,0.004206371427471351,0.36067377915790794,0.036572285976616915,4.9575627841079095,0.004206371427471351,0.004206371427471351,0.004206371427471351,0.09924325183561232
0.004206371427471351,0.046034637000562664,0.04006888062320051,0.004206371427471351,0.004206371427471351,0.004206371427471351,0.36067377915790794,0.036572285976616915,4.8760805387679795,0.004206371427471351,0.004206371427471351,0.004206371427471351,0.1807254971755422
0.004206371427471351,0.046034637000562664,0.04006888062320051,0.004206371427471351,0.004206371427471351,0.004206371427471351,0.36067377915790794,0.036572285976616915,4.8760805387679795,0.004206371427471351,0.004206371427471351,0.004206371427471351,0.1807254971755422
0.004206371427471351,0.046034637000562664,0.04006888062320051,0.004206371427471351,0.004206371427471351,0.004206371427471351,0.36067377915790794,0.036572285976616915,4.8760805387679795,0.004206371427471351,0.004206371427471351,0.004206371427471351,0.1807254971755422
0.004206371427471351,0.046034637000562664,0.04006888062320051,0.004206371427471351,0.004206371427471351,0.004206371427471351,0.36067377915790794,0.036572285976616915,4.8760805387679795,0.004206371427471351,0.004206371427471351,0.004206371427471351,0.1807254971755422
0.004206371427471351,0.046034637000562664,0.04006888062320051,0.004206371427471351,0.004206371427471351,0.004206371427471351,0.36067377915790794,0.036572285976616915,4.8760805387679795,0.004206371427471351,0.004206371427471351,0.004206371427471351,0.1807254971755422
0.004206371427471351,0.046034637000562664,0.04006888062320051,0.004206371427471351,0.004206371427471351,0.004206371427471351,0.36067377915790794,0.036572285976616915,4.8760805387679795,0.004206371427471351,0.004206371427471351,0.004206371427471351,0.1807254971755422
0.004206371427471351,0.046034637000562664,0.04006888062320051,0.004206371427471351,0.004206371427471351,0.004206371427471351,0.36067377915790794,0.036572285976616915,4.8760805387679795,0.004206371427471351,0.004206371427471351,0.004206371427471351,0.1807254971755422
0.004206371427471351,0.046034637000562664,0.04006888062320051,0.004206371427471351,0.004206371427471351,0.004206371427471351,0.36067377915790794,0.036572285976616915,4.8760805387679795,0.004206371427471351,0.004206371427471351,0.004206371427471351,0.1807254971755422
0.004206371427471351,0.046034637000562664,0.04006888062320051,0.004206371427471351,0.004206371427471351,0.004206371427471351,0.36067377915790794,0.036572285976616915,4.8760805387679795,0.004206371427471351,0.004206371427471351,0.004206371427471351,0.1807254971755422
0.004206371427471351,0.046034637000562664,0.04006888062320051,0.004206371427471351,0.004206371427471351,0.004206371427471351,0.36067377915790794,0.4161973073059063,4.8760805387679795,0.004206371427471351,0.004206371427471351,0.004206371427471351,0.1807254971755422
0.004206371427471351,0.046034637000562664,0.04006888062320051,0.004206371427471351,0.004206371427471351,0.004206371427471351,0.36067377915790794,0.4161973073059063,5.25570556009727,0.004206371427471351,0.004206371427471351,0.004206371427471351,0.1807254971755422
0.004206371427471351,0.046034637000562664,0.04006888062320051,0.004206371427471351,0.004206371427471351,0.004206371427471351,0.36067377915790794,0.036572285976616915,4.895061789834444,0.004206371427471351,0.004206371427471351,0.004206371427471351,0.1807254971755422
0.004206371427471351,0.046034637000562664,0.04006888062320051,0.004206371427471351,0.004206371427471351,0.004206371427471351,0.36067377915790794,0.036572285976616915,4.895061789834444,0.004206371427471351,0.004206371427471351,0.004206371427471351,0.1807254971755422
0.004206371427471351,0.046034637000562664,0.04006888062320051,0.004206371427471351,0.004206371427471351,0.004206371427471351,0.36067377915790794,0.036572285976616915,4.895061789834444,0.004206371427471351,0.004206371427471351,0.004206371427471351,0.1807254971755422
0.004206371427471351,0.046034637000562664,0.04006888062320051,0.004206371427471351,0.004206371427471351,0.004206371427471351,0.36067377915790794,0.036572285976616915,4.895061789834444,0.004206371427471351,0.004206371427471351,0.004206371427471351,0.1807254971755422
0.004206371427471351,0.046034637000562664,0.04006888062320051,0.004206371427471351,0.004206371427471351,0.004206371427471351,0.36067377915790794,0.036572285976616915,4.895061789834444,0.004206371427471351,0.004206371427471351,0.004206371427471351,0.1807254971755422
0.004206371427471351,0.046034637000562664,0.04006888062320051,0.004206371427471351,0.004206371427471351,0.004206371427471351,0.36067377915790794,0.036572285976616915,4.895061789834444,0.004206371427471351,0.004206371427471351,0.004206371427471351,0.1807254971755422
0.004206371427471351,0.046034637000562664,0.04006888062320051,0.004206371427471351,0.004206371427471351,0.004206371427471351,0.36067377915790794,0.036572285976616915,4.895061789834444,0.004206371427471351,0.004206371427471351,0.004206371427471351,0.1807254971755422
0.004206371427471351,0.046034637000562664,0.04006888062320051,0.004206371427471351,0.004206371427471351,0.004206371427471351,0.36067377915790794,0.036572285976616915,4.895061789834444,0.004206371427471351,0.004206371427471351,0.004206371427471351,0.1807254971755422
0.004206371427471351,0.046034637000562664,0.04006888062320051,0.004206371427471351,0.004206371427471351,0.004206371427471351,0.36067377915790794,0.036572285976616915,4.895061789834444,0.004206371427471351,0.004206371427471351,0.004206371427471351,0.1807254971755422
0.004206371427471351,0.046034637000562664,0.04006888062320051,0.004206371427471351,0.004206371427471351,0.004206371427471351,0.36067377915790794,0.06161641367949966,4.895061789834444,0.004206371427471351,0.004206371427471351,0.004206371427471351,0.1807254971755422
0.004206371427471351,0.046034637000562664,0.04006888062320051,0.004206371427471351,0.004206371427471351,0.004206371427471351,0.36067377915790794,0.06161641367949966,4.895061789834444,0.004206371427471351,0.004206371427471351,0.004206371427471351,0.1807254971755422
0.004206371427471351,0.046034637000562664,0.04006888062320051,0.004206371427471351,0.004206371427471351,0.004206371427471351,0.7695090383678013,0.1710865464701194,4.865851551953843,0.004206371427471351,0.004206371427471351,0.004206371427471351,0.1807254971755422
0.004206371427471351,0.046034637000562664,0.04006888062320051,0.004206371427471351,0.004206371427471351,0.004206371427471351,0.7695090383678013,0.4169338774060155,4.486226530624553,0.004206371427471351,0.004206371427471351,0.3838313927567608,0.1807254971755422
0.004206371427471351,0.046034637000562664,0.12333610484962187,0.004206371427471351,0.004206371427471351,0.004206371427471351,0.48169101306404416,0.7801978162809223,3.7426010003202452,0.004206371427471351,0.004206371427471351,0.4756383887822931,0.1807254971755422
0.346817953177155,0.046034637000562664,0.06927911850380442,0.004206371427471351,0.004206371427471351,0.004206371427471351,0.7402988004871974,0.4750649531492696,3.7426010003202452,0.004206371427471351,0.004206371427471351,0.4756383887822931,0.1807254971755422
0.7668712452987694,0.046034637000562664,0.06927911850380442,0.004206371427471351,0.004206371427471351,0.004206371427471351,0.8695845151307604,0.48737319691991954,3.613315285676683,0.004206371427471351,0.004206371427471351,0.4756383887822931,0.1807254971755422
0.7976188641204578,0.046034637000562664,0.04006888062320051,0.004206371427471351,0.004206371427471351,0.004206371427471351,0.4899594938014709,0.4356229134921506,3.502468946084157,0.004206371427471351,0.029250499130354084,0.4756383887822931,0.1807254971755422
0.14025801286205827,0.046034637000562664,0.16935459526676358,0.004206371427471351,0.004206371427471351,0.004206371427471351,0.9758333223815042,0.3921551328326058,3.0783741908657416,0.004206371427471351,0.029250499130354084,0.43788837910257816,0.1807254971755422
0.14025801286205827,0.046034637000562664,0.48946343985664353,0.004206371427471351,0.004206371427471351,0.004206371427471351,1.1898239440029734,0.7652302309743436,2.6577550932062945,0.004206371427471351,0.004206371427471351,0.6775779976593957,0.34129693576664194
0.10951039404036995,0.046034637000562664,0.1957168349540086,0.004206371427471351,0.004206371427471351,0.004206371427471351,1.2240329778161485,0.8998176408899742,2.2469468467295384,0.004206371427471351,0.004206371427471351,0.2979529763301063,0.34129693576664194
0.004206371427471351,0.046034637000562664,0.18925254922183046,0.004206371427471351,0.004206371427471351,0.004206371427471351,1.349572042000227,0.7889713012974492,2.2469468467295384,0.004206371427471351,0.004206371427471351,0.2979529763301063,0.45054748198199296
0.004206371427471351,0.046034637000562664,0.10616797260488223,0.004206371427471351,0.004206371427471351,0.1150527110199962,1.6575356383639401,0.9208423080914976,2.2469468467295384,0.004206371427471351,0.004206371427471351,0.3376898286245431,0.7200175822166457
0.004206371427471351,0.046034637000562664,0.04006888062320051,0.004206371427471351,0.004206371427471351,0.004206371427471351,1.197745493947889,1.6793382369558587,1.8726794138902387,0.004206371427471351,0.05299280160457159,0.3376898286245431,1.5531005248881438
0.004206371427471351,0.046034637000562664,0.14537290323609914,0.004206371427471351,0.004206371427471351,0.004206371427471351,1.1108423852495939,1.4273949607129457,1.8726794138902387,0.004206371427471351,0.05299280160457159,0.7684748538996414,1.3644458955908088
0.3838313927567608,0.046034637000562664,0.38268046237288417,0.004206371427471351,0.004206371427471351,0.004206371427471351,1.0055383626366954,0.5512014051816236,1.8028185737919162,0.004206371427471351,0.05299280160457159,0.7684748538996414,0.9217714660727835
0.3838313927567608,0.046034637000562664,0.346817953177155,0.004206371427471351,0.004206371427471351,0.06725577961620728,0.625704926741632,0.730369244254148,1.8028185737919162,0.004206371427471351,0.05299280160457159,0.7646005108009336,0.9217714660727835
0.09272965389900838,0.046034637000562664,0.4407842746923968,0.004206371427471351,0.004206371427471351,0.12415787050654144,0.625704926741632,0.9248891539649374,1.8028185737919162,0.004206371427471351,0.004206371427471351,0.8244974485802329,1.065733278551136
0.11909189358625329,0.046034637000562664,0.09817269294271316,0.004206371427471351,0.004206371427471351,0.04195638110718626,0.8244793397301133,0.6925988399237862,1.8597206646822504,0.004206371427471351,0.004206371427471351,1.0649574781264546,0.7470509473297394
0.0703054634091531,0.046034637000562664,0.09817269294271316,0.004206371427471351,0.004206371427471351,0.004206371427471351,1.1648911397404107,0.6602329253746406,1.8974706743619651,0.004206371427471351,0.004206371427471351,1.1019709177060601,0.8437494394726472
0.0703054634091531,0.046034637000562664,0.09817269294271316,0.004206371427471351,0.004206371427471351,0.7613289283191431,1.1648911397404107,1.1973157912044021,1.7711076477353211,0.004206371427471351,0.004206371427471351,0.48274331014122585,0.8601699551006022
0.4853353284204788,0.046034637000562664,0.038275755163414055,0.004206371427471351,0.004206371427471351,0.7788463346176292,0.9365972706470288,0.564738667162674,1.5318492021258439,0.004206371427471351,0.06410330920677047,0.48274331014122585,1.1597268521516748
0.5962781595854663,0.046034637000562664,0.24340996496783923,0.08568861676740121,0.004206371427471351,0.2201371185900241,0.9853837008241291,0.20812157029712133,2.183667736404617,0.004206371427471351,0.06410330920677047,0.48274331014122585,1.1109404219745747
0.5962781595854663,0.046034637000562664,0.24340996496783923,0.08568861676740121,0.004206371427471351,0.3104221549777581,0.5643187438571514,0.07081649944488878,2.0413828543913746,0.004206371427471351,0.004206371427471351,0.44688080094549665,1.0335322889016414
0.5962781595854663,0.046034637000562664,0.038275755163414055,0.08568861676740121,0.004206371427471351,0.09449140781520528,0.49289359844485403,0.3988171412293746,1.7161818297437972,0.004206371427471351,0.004206371427471351,0.9532887282609789,1.0565516991229627
0.06410330920677047,0.046034637000562664,0.038275755163414055,0.35079492769202925,0.004206371427471351,0.09449140781520528,0.49289359844485403,0.3988171412293746,1.7161818297437972,0.004206371427471351,0.004206371427471351,1.082574442904542,1.0565516991229627
0.004206371427471351,0.046034637000562664,0.038275755163414055,0.35079492769202925,0.004206371427471351,0.09449140781520528,0.49289359844485403,0.4587140790086736,1.7161818297437972,0.004206371427471351,0.004206371427471351,1.1599825759774756,1.0565516991229627
0.004206371427471351,0.046034637000562664,0.038275755163414055,0.35079492769202925,0.004206371427471351,0.09449140781520528,0.519255838132099,0.4587140790086736,1.7161818297437972,0.004206371427471351,0.004206371427471351,1.1599825759774756,1.3820327017851621
0.004206371427471351,0.046034637000562664,0.038275755163414055,0.35079492769202925,0.004206371427471351,0.09449140781520528,0.519255838132099,0.4587140790086736,1.7161818297437972,0.004206371427471351,0.004206371427471351,1.1599825759774756,1.3820327017851621
0.004206371427471351,0.046034637000562664,0.038275755163414055,0.35079492769202925,0.004206371427471351,0.12085364750245028,0.519255838132099,0.4587140790086736,1.7161818297437972,0.004206371427471351,0.004206371427471351,1.1599825759774756,1.3820327017851621
0.004206371427471351,0.046034637000562664,0.038275755163414055,0.35079492769202925,0.004206371427471351,0.09449140781520528,0.49289359844485403,0.4587140790086736,1.7161818297437972,0.004206371427471351,0.004206371427471351,1.1599825759774756,1.4083949414724073
0.004206371427471351,0.046034637000562664,0.038275755163414055,0.35079492769202925,0.004206371427471351,0.09449140781520528,0.49289359844485403,0.4587140790086736,1.7161818297437972,0.004206371427471351,0.004206371427471351,1.1599825759774756,1.4083949414724073
0.004206371427471351,0.046034637000562664,0.038275755163414055,0.35079492769202925,0.004206371427471351,0.09449140781520528,0.49289359844485403,0.4587140790086736,1.7161818297437972,0.004206371427471351,0.004206371427471351,1.1599825759774756,1.4083949414724073
0.004206371427471351,0.046034637000562664,0.038275755163414055,0.35079492769202925,0.004206371427471351,0.09449140781520528,0.49289359844485403,0.4587140790086736,1.7161818297437972,0.004206371427471351,0.004206371427471351,1.1599825759774756,1.4083949414724073
0.004206371427471351,0.046034637000562664,0.038275755163414055,0.35079492769202925,0.004206371427471351,0.09449140781520528,0.49289359844485403,0.4587140790086736,1.7161818297437972,0.004206371427471351,0.004206371427471351,1.1599825759774756,1.4083949414724073
0.004206371427471351,0.046034637000562664,0.038275755163414055,0.35079492769202925,0.004206371427471351,0.09449140781520528,0.49289359844485403,0.4587140790086736,1.7161818297437972,0.004206371427471351,0.004206371427471351,1.1599825759774756,1.4083949414724073
0.004206371427471351,0.046034637000562664,0.038275755163414055,0.35079492769202925,0.004206371427471351,0.09449140781520528,0.49289359844485403,0.4587140790086736,1.7161818297437972,0.004206371427471351,0.004206371427471351,1.1599825759774756,1.4083949414724073
0.004206371427471351,0.046034637000562664,0.038275755163414055,0.35079492769202925,0.004206371427471351,0.09449140781520528,0.49289359844485403,0.4587140790086736,1.7161818297437972,0.004206371427471351,0.004206371427471351,1.1599825759774756,1.4083949414724073
0.004206371427471351,0.046034637000562664,0.038275755163414055,0.35079492769202925,0.004206371427471351,0.09449140781520528,0.49289359844485403,0.4587140790086736,1.7161818297437972,0.004206371427471351,0.004206371427471351,1.1599825759774756,1.4083949414724073
0.004206371427471351,0.046034637000562664,0.038275755163414055,0.35079492769202925,0.004206371427471351,0.09449140781520528,0.49289359844485403,0.4587140790086736,1.7161818297437972,0.004206371427471351,0.004206371427471351,1.1599825759774756,1.4083949414724073
0.004206371427471351,0.046034637000562664,0.038275755163414055,0.35079492769202925,0.004206371427471351,0.09449140781520528,0.49289359844485403,0.4587140790086736,1.7161818297437972,0.004206371427471351,0.004206371427471351,1.1599825759774756,1.4083949414724073
0.004206371427471351,0.046034637000562664,0.038275755163414055,0.35079492769202925,0.004206371427471351,0.09449140781520528,0.49289359844485403,0.4587140790086736,1.7161818297437972,0.004206371427471351,0.004206371427471351,1.1599825759774756,1.4083949414724073
0.004206371427471351,0.046034637000562664,0.038275755163414055,0.35079492769202925,0.004206371427471351,0.09449140781520528,0.49289359844485403,0.4587140790086736,1.7161818297437972,0.004206371427471351,0.004206371427471351,1.1599825759774756,1.4083949414724073
0.004206371427471351,0.046034637000562664,0.038275755163414055,0.35079492769202925,0.004206371427471351,0.09449140781520528,0.49289359844485403,0.4587140790086736,1.7161818297437972,0.004206371427471351,0.004206371427471351,1.1599825759774756,1.4083949414724073
0.004206371427471351,0.046034637000562664,0.038275755163414055,0.35079492769202925,0.004206371427471351,0.09449140781520528,0.49289359844485403,0.4587140790086736,1.7161818297437972,0.004206371427471351,0.004206371427471351,1.1599825759774756,1.4083949414724073
0.004206371427471351,0.046034637000562664,0.038275755163414055,0.35079492769202925,0.004206371427471351,0.09449140781520528,0.49289359844485403,0.4587140790086736,1.7161818297437972,0.004206371427471351,0.004206371427471351,1.1599825759774756,1.4083949414724073
0.004206371427471351,0.046034637000562664,0.038275755163414055,0.35079492769202925,0.004206371427471351,0.09449140781520528,0.49289359844485403,0.4587140790086736,1.7161818297437972,0.004206371427471351,0.004206371427471351,1.1599825759774756,1.4083949414724073
0.004206371427471351,0.046034637000562664,0.038275755163414055,0.35079492769202925,0.004206371427471351,0.09449140781520528,0.49289359844485403,0.4587140790086736,1.7161818297437972,0.004206371427471351,0.004206371427471351,1.1599825759774756,1.4083949414724073
0.004206371427471351,0.046034637000562664,0.038275755163414055,0.35079492769202925,0.004206371427471351,0.09449140781520528,0.49289359844485403,0.4587140790086736,1.7161818297437972,0.004206371427471351,0.004206371427471351,1.1599825759774756,1.4083949414724073
0.004206371427471351,0.046034637000562664,0.038275755163414055,0.35079492769202925,0.004206371427471351,0.09449140781520528,0.49289359844485403,0.4587140790086736,1.7161818297437972,0.004206371427471351,0.004206371427471351,1.1599825759774756,1.4083949414724073
0.004206371427471351,0.046034637000562664,0.038275755163414055,0.35079492769202925,0.004206371427471351,0.09449140781520528,0.49289359844485403,0.4587140790086736,1.7161818297437972,0.004206371427471351,0.004206371427471351,1.1599825759774756,1.4083949414724073
0.004206371427471351,0.046034637000562664,0.038275755163414055,0.35079492769202925,0.004206371427471351,0.09449140781520528,0.49289359844485403,0.4587140790086736,1.7161818297437972,0.004206371427471351,0.004206371427471351,1.1599825759774756,1.4083949414724073
0.004206371427471351,0.046034637000562664,0.038275755163414055,0.35079492769202925,0.004206371427471351,0.09449140781520528,0.49289359844485403,0.4587140790086736,1.7161818297437972,0.004206371427471351,0.004206371427471351,1.1599825759774756,1.4083949414724073
0.004206371427471351,0.046034637000562664,0.038275755163414055,0.35079492769202925,0.004206371427471351,0.09449140781520528,0.49289359844485403,0.4587140790086736,1.7161818297437972,0.004206371427471351,0.004206371427471351,1.1599825759774756,1.4083949414724073
0.004206371427471351,0.046034637000562664,0.038275755163414055,0.35079492769202925,0.004206371427471351,0.09449140781520528,0.49289359844485403,0.4587140790086736,1.7161818297437972,0.004206371427471351,0.004206371427471351,1.1599825759774756,1.4083949414724073
0.004206371427471351,0.046034637000562664,0.038275755163414055,0.35079492769202925,0.004206371427471351,0.09449140781520528,0.49289359844485403,0.4587140790086736,1.7161818297437972,0.004206371427471351,0.004206371427471351,1.1599825759774756,1.4083949414724073
0.004206371427471351,0.046034637000562664,0.038275755163414055,0.35079492769202925,0.004206371427471351,0.09449140781520528,0.49289359844485403,0.4587140790086736,1.7161818297437972,0.004206371427471351,0.004206371427471351,1.1599825759774756,1.4083949414724073
0.004206371427471351,0.046034637000562664,0.038275755163414055,0.35079492769202925,0.004206371427471351,0.09449140781520528,0.49289359844485403,0.4587140790086736,1.7161818297437972,0.004206371427471351,0.004206371427471351,1.1599825759774756,1.4083949414724073
0.004206371427471351,0.046034637000562664,0.038275755163414055,0.35079492769202925,0.004206371427471351,0.09449140781520528,0.49289359844485403,0.4587140790086736,1.7161818297437972,0.004206371427471351,0.004206371427471351,1.1599825759774756,1.4083949414724073
0.004206371427471351,0.046034637000562664,0.038275755163414055,0.35079492769202925,0.004206371427471351,0.09449140781520528,0.49289359844485403,0.4587140790086736,1.7161818297437972,0.004206371427471351,0.004206371427471351,1.1599825759774756,1.4083949414724073
0.004206371427471351,0.046034637000562664,0.038275755163414055,0.35079492769202925,0.004206371427471351,0.09449140781520528,0.49289359844485403,0.4587140790086736,1.7161818297437972,0.004206371427471351,0.004206371427471351,1.1599825759774756,1.4083949414724073
0.004206371427471351,0.046034637000562664,0.038275755163414055,0.35079492769202925,0.004206371427471351,0.09449140781520528,0.49289359844485403,0.4587140790086736,1.7161818297437972,0.004206371427471351,0.004206371427471351,1.1599825759774756,1.4083949414724073
0.004206371427471351,0.046034637000562664,0.038275755163414055,0.35079492769202925,0.004206371427471351,0.09449140781520528,0.49289359844485403,0.4587140790086736,1.7161818297437972,0.004206371427471351,0.004206371427471351,1.1599825759774756,1.4083949414724073
0.004206371427471351,0.046034637000562664,0.038275755163414055,0.35079492769202925,0.004206371427471351,0.09449140781520528,0.49289359844485403,0.4587140790086736,1.7161818297437972,0.004206371427471351,0.004206371427471351,1.1599825759774756,1.4083949414724073
0.004206371427471351,0.046034637000562664,0.038275755163414055,0.35079492769202925,0.004206371427471351,0.09449140781520528,0.49289359844485403,0.4587140790086736,1.7161818297437972,0.004206371427471351,0.004206371427471351,1.1599825759774756,1.4083949414724073
0.004206371427471351,0.046034637000562664,0.038275755163414055,0.35079492769202925,0.004206371427471351,0.09449140781520528,0.49289359844485403,0.4587140790086736,1.7161818297437972,0.004206371427471351,0.004206371427471351,1.1599825759774756,1.4083949414724073
0.004206371427471351,0.046034637000562664,0.038275755163414055,0.35079492769202925,0.004206371427471351,0.09449140781520528,0.49289359844485403,0.4587140790086736,1.7161818297437972,0.004206371427471351,0.004206371427471351,1.1599825759774756,1.4083949414724073
0.004206371427471351,0.046034637000562664,0.038275755163414055,0.35079492769202925,0.004206371427471351,0.09449140781520528,0.49289359844485403,0.4587140790086736,1.7161818297437972,0.004206371427471351,0.004206371427471351,1.1599825759774756,1.4083949414724073
0.004206371427471351,0.046034637000562664,0.038275755163414055,0.35079492769202925,0.004206371427471351,0.09449140781520528,0.49289359844485403,0.4587140790086736,1.7161818297437972,0.004206371427471351,0.004206371427471351,1.1599825759774756,1.4083949414724073
0.004206371427471351,0.046034637000562664,0.038275755163414055,0.35079492769202925,0.004206371427471351,0.09449140781520528,0.49289359844485403,0.4587140790086736,1.7161818297437972,0.004206371427471351,0.004206371427471351,1.1599825759774756,1.4083949414724073
0.004206371427471351,0.046034637000562664,0.038275755163414055,0.35079492769202925,0.004206371427471351,0.09449140781520528,0.49289359844485403,0.4587140790086736,1.7161818297437972,0.004206371427471351,0.004206371427471351,1.1599825759774756,1.4083949414724073
0.004206371427471351,0.046034637000562664,0.038275755163414055,0.35079492769202925,0.004206371427471351,0.09449140781520528,0.49289359844485403,0.4587140790086736,1.7161818297437972,0.004206371427471351,0.004206371427471351,1.1599825759774756,1.4083949414724073
0.004206371427471351,0.046034637000562664,0.038275755163414055,0.35079492769202925,0.004206371427471351,0.09449140781520528,0.49289359844485403,0.4587140790086736,1.7161818297437972,0.004206371427471351,0.004206371427471351,1.1599825759774756,1.4083949414724073
0.004206371427471351,0.046034637000562664,0.038275755163414055,0.35079492769202925,0.004206371427471351,0.09449140781520528,0.49289359844485403,0.4587140790086736,1.7161818297437972,0.004206371427471351,0.004206371427471351,1.1599825759774756,1.4083949414724073
0.004206371427471351,0.046034637000562664,0.038275755163414055,0.35079492769202925,0.004206371427471351,0.09449140781520528,0.49289359844485403,0.4587140790086736,1.7161818297437972,0.004206371427471351,0.004206371427471351,1.1599825759774756,1.4083949414724073
0.004206371427471351,0.046034637000562664,0.038275755163414055,0.35079492769202925,0.004206371427471351,0.09449140781520528,0.49289359844485403,0.4587140790086736,1.7161818297437972,0.004206371427471351,0.004206371427471351,1.1599825759774756,1.4083949414724073
0.004206371427471351,0.046034637000562664,0.038275755163414055,0.35079492769202925,0.004206371427471351,0.09449140781520528,0.49289359844485403,0.4587140790086736,1.7161818297437972,0.004206371427471351,0.004206371427471351,1.1599825759774756,1.4083949414724073
0.004206371427471351,0.046034637000562664,0.038275755163414055,0.35079492769202925,0.004206371427471351,0.09449140781520528,0.49289359844485403,0.4587140790086736,1.7161818297437972,0.004206371427471351,0.004206371427471351,1.1599825759774756,1.4083949414724073
0.004206371427471351,0.046034637000562664,0.038275755163414055,0.35079492769202925,0.004206371427471351,0.09449140781520528,0.49289359844485403,0.4587140790086736,1.7161818297437972,0.004206371427471351,0.004206371427471351,1.1599825759774756,1.4083949414724073
0.004206371427471351,0.046034637000562664,0.038275755163414055,0.35079492769202925,0.004206371427471351,0.09449140781520528,0.49289359844485403,0.4587140790086736,1.7161818297437972,0.004206371427471351,0.004206371427471351,1.1599825759774756,1.4083949414724073
0.004206371427471351,0.046034637000562664,0.038275755163414055,0.35079492769202925,0.004206371427471351,0.09449140781520528,0.49289359844485403,0.4587140790086736,1.7161818297437972,0.004206371427471351,0.004206371427471351,1.1599825759774756,1.4083949414724073
0.004206371427471351,0.046034637000562664,0.038275755163414055,0.35079492769202925,0.004206371427471351,0.09449140781520528,0.49289359844485403,0.4587140790086736,1.7161818297437972,0.004206371427471351,0.004206371427471351,1.1599825759774756,1.4083949414724073
0.004206371427471351,0.046034637000562664,0.038275755163414055,0.35079492769202925,0.004206371427471351,0.09449140781520528,0.49289359844485403,0.4587140790086736,1.7161818297437972,0.004206371427471351,0.004206371427471351,1.1599825759774756,1.4083949414724073
0.004206371427471351,0.046034637000562664,0.038275755163414055,0.35079492769202925,0.004206371427471351,0.09449140781520528,0.49289359844485403,0.4587140790086736,1.7161818297437972,0.004206371427471351,0.004206371427471351,1.1599825759774756,1.4083949414724073
0.004206371427471351,0.046034637000562664,0.038275755163414055,0.35079492769202925,0.004206371427471351,0.09449140781520528,0.49289359844485403,0.4587140790086736,1.7161818297437972,0.004206371427471351,0.004206371427471351,1.1599825759774756,1.4083949414724073
0.004206371427471351,0.046034637000562664,0.038275755163414055,0.35079492769202925,0.004206371427471351,0.09449140781520528,0.49289359844485403,0.4587140790086736,1.7161818297437972,0.004206371427471351,0.004206371427471351,1.1599825759774756,1.4083949414724073
0.004206371427471351,0.046034637000562664,0.038275755163414055,0.35079492769202925,0.004206371427471351,0.09449140781520528,0.49289359844485403,0.4587140790086736,1.7161818297437972,0.004206371427471351,0.004206371427471351,1.1599825759774756,1.4083949414724073
0.004206371427471351,0.046034637000562664,0.038275755163414055,0.35079492769202925,0.004206371427471351,0.09449140781520528,0.49289359844485403,0.4587140790086736,1.7161818297437972,0.004206371427471351,0.004206371427471351,1.1599825759774756,1.4083949414724073
0.004206371427471351,0.046034637000562664,0.038275755163414055,0.35079492769202925,0.004206371427471351,0.09449140781520528,0.49289359844485403,0.4587140790086736,1.7161818297437972,0.004206371427471351,0.004206371427471351,1.1599825759774756,1.4083949414724073
0.004206371427471351,0.046034637000562664,0.038275755163414055,0.35079492769202925,0.004206371427471351,0.09449140781520528,0.49289359844485403,0.4587140790086736,1.7161818297437972,0.004206371427471351,0.004206371427471351,1.1599825759774756,1.4083949414724073
0.004206371427471351,0.046034637000562664,0.038275755163414055,0.35079492769202925,0.004206371427471351,0.09449140781520528,0.49289359844485403,0.4587140790086736,1.7161818297437972,0.004206371427471351,0.004206371427471351,1.1599825759774756,1.4083949414724073
0.004206371427471351,0.046034637000562664,0.038275755163414055,0.35079492769202925,0.004206371427471351,0.09449140781520528,0.49289359844485403,0.4587140790086736,1.7161818297437972,0.004206371427471351,0.004206371427471351,1.1599825759774756,1.4083949414724073
0.004206371427471351,0.046034637000562664,0.038275755163414055,0.35079492769202925,0.004206371427471351,0.09449140781520528,0.49289359844485403,0.4587140790086736,1.7161818297437972,0.004206371427471351,0.004206371427471351,1.1599825759774756,1.4083949414724073
0.004206371427471351,0.046034637000562664,0.038275755163414055,0.35079492769202925,0.004206371427471351,0.09449140781520528,0.49289359844485403,0.4587140790086736,1.7161818297437972,0.004206371427471351,0.004206371427471351,1.1599825759774756,1.4083949414724073
0.004206371427471351,0.046034637000562664,0.038275755163414055,0.35079492769202925,0.004206371427471351,0.09449140781520528,0.49289359844485403,0.4587140790086736,1.7161818297437972,0.004206371427471351,0.004206371427471351,1.1599825759774756,1.4083949414724073
0.004206371427471351,0.046034637000562664,0.038275755163414055,0.35079492769202925,0.004206371427471351,0.09449140781520528,0.49289359844485403,0.4587140790086736,1.7161818297437972,0.004206371427471351,0.004206371427471351,1.1599825759774756,1.4083949414724073
0.004206371427471351,0.046034637000562664,0.038275755163414055,0.35079492769202925,0.004206371427471351,0.09449140781520528,0.49289359844485403,0.4587140790086736,1.7161818297437972,0.004206371427471351,0.004206371427471351,1.1599825759774756,1.4083949414724073
0.004206371427471351,0.046034637000562664,0.038275755163414055,0.35079492769202925,0.004206371427471351,0.09449140781520528,0.49289359844485403,0.4587140790086736,1.7161818297437972,0.004206371427471351,0.004206371427471351,1.1599825759774756,1.4083949414724073
0.004206371427471351,0.046034637000562664,0.038275755163414055,0.35079492769202925,0.004206371427471351,0.09449140781520528,0.49289359844485403,0.4587140790086736,1.7161818297437972,0.004206371427471351,0.004206371427471351,1.1599825759774756,1.4083949414724073
0.004206371427471351,0.046034637000562664,0.038275755163414055,0.35079492769202925,0.004206371427471351,0.09449140781520528,0.49289359844485403,0.4587140790086736,1.7161818297437972,0.004206371427471351,0.004206371427471351,1.1599825759774756,1.4083949414724073
0.004206371427471351,0.046034637000562664,0.038275755163414055,0.35079492769202925,0.004206371427471351,0.09449140781520528,0.49289359844485403,0.4587140790086736,1.7161818297437972,0.004206371427471351,0.004206371427471351,1.1599825759774756,1.4083949414724073
0.004206371427471351,0.046034637000562664,0.038275755163414055,0.35079492769202925,0.004206371427471351,0.09449140781520528,0.49289359844485403,0.4587140790086736,1.7161818297437972,0.004206371427471351,0.004206371427471351,1.1599825759774756,1.4083949414724073
0.004206371427471351,0.046034637000562664,0.038275755163414055,0.35079492769202925,0.004206371427471351,0.09449140781520528,0.49289359844485403,0.4587140790086736,1.7161818297437972,0.004206371427471351,0.004206371427471351,1.1599825759774756,1.4083949414724073
0.004206371427471351,0.046034637000562664,0.038275755163414055,0.35079492769202925,0.004206371427471351,0.09449140781520528,0.49289359844485403,0.4587140790086736,1.7161818297437972,0.004206371427471351,0.004206371427471351,1.1599825759774756,1.4083949414724073
0.004206371427471351,0.046034637000562664,0.038275755163414055,0.35079492769202925,0.004206371427471351,0.09449140781520528,0.49289359844485403,0.4587140790086736,1.7161818297437972,0.004206371427471351,0.004206371427471351,1.1599825759774756,1.4083949414724073
0.004206371427471351,0.046034637000562664,0.038275755163414055,0.35079492769202925,0.004206371427471351,0.09449140781520528,0.49289359844485403,0.4587140790086736,1.7161818297437972,0.004206371427471351,0.004206371427471351,1.1599825759774756,1.4083949414724073
0.004206371427471351,0.046034637000562664,0.038275755163414055,0.35079492769202925,0.004206371427471351,0.09449140781520528,0.49289359844485403,0.4587140790086736,1.7161818297437972,0.004206371427471351,0.004206371427471351,1.1599825759774756,1.4083949414724073
0.004206371427471351,0.046034637000562664,0.038275755163414055,0.35079492769202925,0.004206371427471351,0.09449140781520528,0.49289359844485403,0.4587140790086736,1.7161818297437972,0.004206371427471351,0.004206371427471351,1.1599825759774756,1.4083949414724073
0.004206371427471351,0.046034637000562664,0.038275755163414055,0.35079492769202925,0.004206371427471351,0.09449140781520528,0.49289359844485403,0.4587140790086736,1.7161818297437972,0.004206371427471351,0.004206371427471351,1.1599825759774756,1.4083949414724073
0.004206371427471351,0.046034637000562664,0.038275755163414055,0.35079492769202925,0.004206371427471351,0.09449140781520528,0.49289359844485403,0.4587140790086736,1.7161818297437972,0.004206371427471351,0.004206371427471351,1.1599825759774756,1.4083949414724073
0.004206371427471351,0.046034637000562664,0.038275755163414055,0.35079492769202925,0.004206371427471351,0.09449140781520528,0.49289359844485403,0.4587140790086736,1.7161818297437972,0.004206371427471351,0.004206371427471351,1.1599825759774756,1.4083949414724073
0.004206371427471351,0.046034637000562664,0.038275755163414055,0.35079492769202925,0.004206371427471351,0.09449140781520528,0.49289359844485403,0.4587140790086736,1.7161818297437972,0.004206371427471351,0.004206371427471351,1.1599825759774756,1.4083949414724073
0.004206371427471351,0.046034637000562664,0.038275755163414055,0.35079492769202925,0.004206371427471351,0.09449140781520528,0.49289359844485403,0.4587140790086736,1.7161818297437972,0.004206371427471351,0.004206371427471351,1.1599825759774756,1.4083949414724073
0.004206371427471351,0.046034637000562664,0.038275755163414055,0.35079492769202925,0.004206371427471351,0.09449140781520528,0.49289359844485403,0.4587140790086736,1.7161818297437972,0.004206371427471351,0.004206371427471351,1.1599825759774756,1.4083949414724073
0.004206371427471351,0.046034637000562664,0.038275755163414055,0.35079492769202925,0.004206371427471351,0.09449140781520528,0.49289359844485403,0.4587140790086736,1.7161818297437972,0.004206371427471351,0.004206371427471351,1.1599825759774756,1.4083949414724073
0.004206371427471351,0.046034637000562664,0.038275755163414055,0.35079492769202925,0.004206371427471351,0.09449140781520528,0.49289359844485403,0.4587140790086736,1.7161818297437972,0.004206371427471351,0.004206371427471351,1.1599825759774756,1.4083949414724073
0.004206371427471351,0.046034637000562664,0.038275755163414055,0.35079492769202925,0.004206371427471351,0.09449140781520528,0.49289359844485403,0.4587140790086736,1.7161818297437972,0.004206371427471351,0.004206371427471351,1.1599825759774756,1.4083949414724073
0.004206371427471351,0.046034637000562664,0.038275755163414055,0.35079492769202925,0.004206371427471351,0.09449140781520528,0.49289359844485403,0.4587140790086736,1.7161818297437972,0.004206371427471351,0.004206371427471351,1.1599825759774756,1.4083949414724073
0.004206371427471351,0.046034637000562664,0.038275755163414055,0.35079492769202925,0.004206371427471351,0.09449140781520528,0.49289359844485403,0.4587140790086736,1.7161818297437972,0.004206371427471351,0.004206371427471351,1.1599825759774756,1.4083949414724073
0.004206371427471351,0.046034637000562664,0.038275755163414055,0.35079492769202925,0.004206371427471351,0.09449140781520528,0.49289359844485403,0.4587140790086736,1.7161818297437972,0.004206371427471351,0.004206371427471351,1.1599825759774756,1.4083949414724073
0.004206371427471351,0.046034637000562664,0.038275755163414055,0.35079492769202925,0.004206371427471351,0.09449140781520528,0.49289359844485403,0.4587140790086736,1.7161818297437972,0.004206371427471351,0.004206371427471351,1.1599825759774756,1.4083949414724073
0.004206371427471351,0.046034637000562664,0.038275755163414055,0.35079492769202925,0.004206371427471351,0.09449140781520528,0.49289359844485403,0.4587140790086736,1.7161818297437972,0.004206371427471351,0.004206371427471351,1.1599825759774756,1.4083949414724073
0.004206371427471351,0.046034637000562664,0.038275755163414055,0.35079492769202925,0.004206371427471351,0.09449140781520528,0.49289359844485403,0.4587140790086736,1.7161818297437972,0.004206371427471351,0.004206371427471351,1.1599825759774756,1.4083949414724073
0.004206371427471351,0.046034637000562664,0.038275755163414055,0.35079492769202925,0.004206371427471351,0.09449140781520528,0.49289359844485403,0.4587140790086736,1.7161818297437972,0.004206371427471351,0.004206371427471351,1.1599825759774756,1.4083949414724073
0.004206371427471351,0.046034637000562664,0.038275755163414055,0.35079492769202925,0.004206371427471351,0.09449140781520528,0.49289359844485403,0.4587140790086736,1.7161818297437972,0.004206371427471351,0.004206371427471351,1.1599825759774756,1.4083949414724073
0.004206371427471351,0.046034637000562664,0.038275755163414055,0.35079492769202925,0.004206371427471351,0.09449140781520528,0.49289359844485403,0.4587140790086736,1.7161818297437972,0.004206371427471351,0.004206371427471351,1.1599825759774756,1.4083949414724073
0.004206371427471351,0.046034637000562664,0.038275755163414055,0.35079492769202925,0.004206371427471351,0.09449140781520528,0.49289359844485403,0.4587140790086736,1.7161818297437972,0.004206371427471351,0.004206371427471351,1.1599825759774756,1.4083949414724073
0.004206371427471351,0.046034637000562664,0.038275755163414055,0.35079492769202925,0.004206371427471351,0.09449140781520528,0.49289359844485403,0.4587140790086736,1.7161818297437972,0.004206371427471351,0.004206371427471351,1.1599825759774756,1.4083949414724073
0.004206371427471351,0.046034637000562664,0.038275755163414055,0.35079492769202925,0.004206371427471351,0.09449140781520528,0.49289359844485403,0.4587140790086736,1.7161818297437972,0.004206371427471351,0.004206371427471351,1.1599825759774756,1.4083949414724073
0.004206371427471351,0.046034637000562664,0.038275755163414055,0.35079492769202925,0.004206371427471351,0.09449140781520528,0.49289359844485403,0.4587140790086736,1.7161818297437972,0.004206371427471351,0.004206371427471351,1.1599825759774756,1.4083949414724073
0.004206371427471351,0.046034637000562664,0.038275755163414055,0.35079492769202925,0.004206371427471351,0.09449140781520528,0.49289359844485403,0.4587140790086736,1.7161818297437972,0.004206371427471351,0.004206371427471351,1.1599825759774756,1.4083949414724073
0.004206371427471351,0.046034637000562664,0.038275755163414055,0.35079492769202925,0.004206371427471351,0.09449140781520528,0.49289359844485403,0.4587140790086736,1.7161818297437972,0.004206371427471351,0.004206371427471351,1.1599825759774756,1.4083949414724073
0.004206371427471351,0.046034637000562664,0.038275755163414055,0.35079492769202925,0.004206371427471351,0.09449140781520528,0.49289359844485403,0.4587140790086736,1.7161818297437972,0.004206371427471351,0.004206371427471351,1.1599825759774756,1.4083949414724073
0.004206371427471351,0.046034637000562664,0.038275755163414055,0.35079492769202925,0.004206371427471351,0.09449140781520528,0.49289359844485403,0.4587140790086736,1.7161818297437972,0.004206371427471351,0.004206371427471351,1.1599825759774756,1.4083949414724073
0.004206371427471351,0.046034637000562664,0.038275755163414055,0.35079492769202925,0.004206371427471351,0.09449140781520528,0.49289359844485403,0.4587140790086736,1.7161818297437972,0.004206371427471351,0.004206371427471351,1.1599825759774756,1.4083949414724073
0.004206371427471351,0.046034637000562664,0.038275755163414055,0.35079492769202925,0.004206371427471351,0.09449140781520528,0.49289359844485403,0.4587140790086736,1.7161818297437972,0.004206371427471351,0.004206371427471351,1.1599825759774756,1.4083949414724073
0.004206371427471351,0.046034637000562664,0.038275755163414055,0.35079492769202925,0.004206371427471351,0.09449140781520528,0.49289359844485403,0.4587140790086736,1.7161818297437972,0.004206371427471351,0.004206371427471351,1.1599825759774756,1.4083949414724073
0.004206371427471351,0.046034637000562664,0.038275755163414055,0.35079492769202925,0.004206371427471351,0.09449140781520528,0.49289359844485403,0.4587140790086736,1.7161818297437972,0.004206371427471351,0.004206371427471351,1.1599825759774756,1.4083949414724073
0.004206371427471351,0.046034637000562664,0.038275755163414055,0.35079492769202925,0.004206371427471351,0.09449140781520528,0.49289359844485403,0.4587140790086736,1.7161818297437972,0.004206371427471351,0.004206371427471351,1.1599825759774756,1.4083949414724073
0.004206371427471351,0.046034637000562664,0.038275755163414055,0.35079492769202925,0.004206371427471351,0.09449140781520528,0.49289359844485403,0.4587140790086736,1.7161818297437972,0.004206371427471351,0.004206371427471351,1.1599825759774756,1.4083949414724073
0.004206371427471351,0.046034637000562664,0.038275755163414055,0.35079492769202925,0.004206371427471351,0.09449140781520528,0.49289359844485403,0.4587140790086736,1.7161818297437972,0.004206371427471351,0.004206371427471351,1.1599825759774756,1.4083949414724073
0.004206371427471351,0.046034637000562664,0.038275755163414055,0.35079492769202925,0.004206371427471351,0.09449140781520528,0.49289359844485403,0.4587140790086736,1.7161818297437972,0.004206371427471351,0.004206371427471351,1.1599825759774756,1.4083949414724073
0.004206371427471351,0.046034637000562664,0.038275755163414055,0.35079492769202925,0.004206371427471351,0.09449140781520528,0.49289359844485403,0.4587140790086736,1.7161818297437972,0.004206371427471351,0.004206371427471351,1.1599825759774756,1.4083949414724073
0.004206371427471351,0.046034637000562664,0.038275755163414055,0.35079492769202925,0.004206371427471351,0.09449140781520528,0.49289359844485403,0.4587140790086736,1.7161818297437972,0.004206371427471351,0.004206371427471351,1.1599825759774756,1.4083949414724073
0.004206371427471351,0.046034637000562664,0.038275755163414055,0.35079492769202925,0.004206371427471351,0.09449140781520528,0.49289359844485403,0.4587140790086736,1.7161818297437972,0.004206371427471351,0.004206371427471351,1.1599825759774756,1.4083949414724073
0.004206371427471351,0.046034637000562664,0.038275755163414055,0.35079492769202925,0.004206371427471351,0.09449140781520528,0.49289359844485403,0.4587140790086736,1.7161818297437972,0.004206371427471351,0.004206371427471351,1.1599825759774756,1.4083949414724073
0.004206371427471351,0.046034637000562664,0.038275755163414055,0.35079492769202925,0.004206371427471351,0.09449140781520528,0.49289359844485403,0.4587140790086736,1.7161818297437972,0.004206371427471351,0.004206371427471351,1.1599825759774756,1.4083949414724073
0.004206371427471351,0.046034637000562664,0.038275755163414055,0.35079492769202925,0.004206371427471351,0.09449140781520528,0.49289359844485403,0.4587140790086736,1.7161818297437972,0.004206371427471351,0.004206371427471351,1.1599825759774756,1.4083949414724073
0.004206371427471351,0.046034637000562664,0.038275755163414055,0.35079492769202925,0.004206371427471351,0.09449140781520528,0.49289359844485403,0.4587140790086736,1.7161818297437972,0.004206371427471351,0.004206371427471351,1.1599825759774756,1.4083949414724073
0.004206371427471351,0.046034637000562664,0.038275755163414055,0.35079492769202925,0.004206371427471351,0.09449140781520528,0.49289359844485403,0.4587140790086736,1.7161818297437972,0.004206371427471351,0.004206371427471351,1.1599825759774756,1.4083949414724073
0.004206371427471351,0.046034637000562664,0.038275755163414055,0.35079492769202925,0.004206371427471351,0.09449140781520528,0.49289359844485403,0.4587140790086736,1.7161818297437972,0.004206371427471351,0.004206371427471351,1.1599825759774756,1.4083949414724073
0.004206371427471351,0.046034637000562664,0.038275755163414055,0.35079492769202925,0.004206371427471351,0.09449140781520528,0.49289359844485403,0.4587140790086736,1.7161818297437972,0.004206371427471351,0.004206371427471351,1.1599825759774756,1.4083949414724073
0.004206371427471351,0.046034637000562664,0.038275755163414055,0.35079492769202925,0.004206371427471351,0.09449140781520528,0.49289359844485403,0.4587140790086736,1.7161818297437972,0.004206371427471351,0.004206371427471351,1.1599825759774756,1.4083949414724073
0.004206371427471351,0.046034637000562664,0.038275755163414055,0.35079492769202925,0.004206371427471351,0.09449140781520528,0.49289359844485403,0.4587140790086736,1.7161818297437972,0.004206371427471351,0.004206371427471351,1.1599825759774756,1.4083949414724073
0.004206371427471351,0.046034637000562664,0.038275755163414055,0.35079492769202925,0.004206371427471351,0.09449140781520528,0.49289359844485403,0.4587140790086736,1.7161818297437972,0.004206371427471351,0.004206371427471351,1.1599825759774756,1.4083949414724073
0.004206371427471351,0.046034637000562664,0.038275755163414055,0.35079492769202925,0.004206371427471351,0.09449140781520528,0.49289359844485403,0.4587140790086736,1.7161818297437972,0.004206371427471351,0.004206371427471351,1.1599825759774756,1.4083949414724073
0.004206371427471351,0.046034637000562664,0.038275755163414055,0.35079492769202925,0.004206371427471351,0.09449140781520528,0.49289359844485403,0.4587140790086736,1.7161818297437972,0.004206371427471351,0.004206371427471351,1.1599825759774756,1.4083949414724073
0.004206371427471351,0.046034637000562664,0.038275755163414055,0.35079492769202925,0.004206371427471351,0.09449140781520528,0.49289359844485403,0.4587140790086736,1.7161818297437972,0.004206371427471351,0.004206371427471351,1.1599825759774756,1.4083949414724073
0.004206371427471351,0.046034637000562664,0.038275755163414055,0.35079492769202925,0.004206371427471351,0.09449140781520528,0.49289359844485403,0.4587140790086736,1.7161818297437972,0.004206371427471351,0.004206371427471351,1.1599825759774756,1.4083949414724073
0.004206371427471351,0.046034637000562664,0.038275755163414055,0.35079492769202925,0.004206371427471351,0.09449140781520528,0.49289359844485403,0.4587140790086736,1.7161818297437972,0.004206371427471351,0.004206371427471351,1.1599825759774756,1.4083949414724073
0.004206371427471351,0.046034637000562664,0.038275755163414055,0.35079492769202925,0.004206371427471351,0.09449140781520528,0.49289359844485403,0.4587140790086736,1.7161818297437972,0.004206371427471351,0.004206371427471351,1.1599825759774756,1.4083949414724073
0.004206371427471351,0.046034637000562664,0.038275755163414055,0.35079492769202925,0.004206371427471351,0.09449140781520528,0.49289359844485403,0.4587140790086736,1.7161818297437972,0.004206371427471351,0.004206371427471351,1.1599825759774756,1.4083949414724073
0.004206371427471351,0.046034637000562664,0.038275755163414055,0.35079492769202925,0.004206371427471351,0.09449140781520528,0.49289359844485403,0.4587140790086736,1.7161818297437972,0.004206371427471351,0.004206371427471351,1.1599825759774756,1.4083949414724073
0.004206371427471351,0.046034637000562664,0.038275755163414055,0.35079492769202925,0.004206371427471351,0.09449140781520528,0.49289359844485403,0.4587140790086736,1.7161818297437972,0.004206371427471351,0.004206371427471351,1.1599825759774756,1.4083949414724073
0.004206371427471351,0.046034637000562664,0.038275755163414055,0.35079492769202925,0.004206371427471351,0.09449140781520528,0.49289359844485403,0.4587140790086736,1.7161818297437972,0.004206371427471351,0.004206371427471351,1.1599825759774756,1.4083949414724073
0.004206371427471351,0.046034637000562664,0.038275755163414055,0.35079492769202925,0.004206371427471351,0.09449140781520528,0.49289359844485403,0.4587140790086736,1.7161818297437972,0.004206371427471351,0.004206371427471351,1.1599825759774756,1.4083949414724073
0.004206371427471351,0.046034637000562664,0.038275755163414055,0.35079492769202925,0.004206371427471351,0.09449140781520528,0.49289359844485403,0.4587140790086736,1.7161818297437972,0.004206371427471351,0.004206371427471351,1.1599825759774756,1.4083949414724073
0.004206371427471351,0.046034637000562664,0.038275755163414055,0.35079492769202925,0.004206371427471351,0.09449140781520528,0.49289359844485403,0.4587140790086736,1.7161818297437972,0.004206371427471351,0.004206371427471351,1.1599825759774756,1.4083949414724073
0.004206371427471351,0.046034637000562664,0.038275755163414055,0.35079492769202925,0.004206371427471351,0.09449140781520528,0.49289359844485403,0.4587140790086736,1.7161818297437972,0.004206371427471351,0.004206371427471351,1.1599825759774756,1.4083949414724073
0.004206371427471351,0.046034637000562664,0.038275755163414055,0.35079492769202925,0.004206371427471351,0.09449140781520528,0.49289359844485403,0.4587140790086736,1.7161818297437972,0.004206371427471351,0.004206371427471351,1.1599825759774756,1.4083949414724073
0.004206371427471351,0.046034637000562664,0.038275755163414055,0.35079492769202925,0.004206371427471351,0.09449140781520528,0.49289359844485403,0.4587140790086736,1.7161818297437972,0.004206371427471351,0.004206371427471351,1.1599825759774756,1.4083949414724073
0.004206371427471351,0.046034637000562664,0.038275755163414055,0.35079492769202925,0.004206371427471351,0.09449140781520528,0.49289359844485403,0.4587140790086736,1.7161818297437972,0.004206371427471351,0.004206371427471351,1.1599825759774756,1.4083949414724073
0.004206371427471351,0.046034637000562664,0.038275755163414055,0.35079492769202925,0.004206371427471351,0.09449140781520528,0.49289359844485403,0.4587140790086736,1.7161818297437972,0.004206371427471351,0.004206371427471351,1.1599825759774756,1.4083949414724073
0.004206371427471351,0.046034637000562664,0.038275755163414055,0.35079492769202925,0.004206371427471351,0.09449140781520528,0.49289359844485403,0.4587140790086736,1.7161818297437972,0.004206371427471351,0.004206371427471351,1.1599825759774756,1.4083949414724073
0.004206371427471351,0.046034637000562664,0.038275755163414055,0.35079492769202925,0.004206371427471351,0.09449140781520528,0.49289359844485403,0.4587140790086736,1.7161818297437972,0.004206371427471351,0.004206371427471351,1.1599825759774756,1.4083949414724073
0.004206371427471351,0.046034637000562664,0.038275755163414055,0.35079492769202925,0.004206371427471351,0.09449140781520528,0.49289359844485403,0.4587140790086736,1.7161818297437972,0.004206371427471351,0.004206371427471351,1.1599825759774756,1.4083949414724073
0.004206371427471351,0.046034637000562664,0.038275755163414055,0.35079492769202925,0.004206371427471351,0.09449140781520528,0.49289359844485403,0.4587140790086736,1.7161818297437972,0.004206371427471351,0.004206371427471351,1.1599825759774756,1.4083949414724073
0.004206371427471351,0.046034637000562664,0.038275755163414055,0.35079492769202925,0.004206371427471351,0.09449140781520528,0.49289359844485403,0.4587140790086736,1.7161818297437972,0.004206371427471351,0.004206371427471351,1.1599825759774756,1.4083949414724073
0.004206371427471351,0.046034637000562664,0.038275755163414055,0.35079492769202925,0.004206371427471351,0.09449140781520528,0.49289359844485403,0.4587140790086736,1.7161818297437972,0.004206371427471351,0.004206371427471351,1.1599825759774756,1.4083949414724073
0.004206371427471351,0.046034637000562664,0.038275755163414055,0.35079492769202925,0.004206371427471351,0.09449140781520528,0.49289359844485403,0.4587140790086736,1.7161818297437972,0.004206371427471351,0.004206371427471351,1.1599825759774756,1.4083949414724073
0.004206371427471351,0.046034637000562664,0.038275755163414055,0.35079492769202925,0.004206371427471351,0.09449140781520528,0.49289359844485403,0.4587140790086736,1.7161818297437972,0.004206371427471351,0.004206371427471351,1.1599825759774756,1.4083949414724073
0.004206371427471351,0.046034637000562664,0.038275755163414055,0.35079492769202925,0.004206371427471351,0.09449140781520528,0.49289359844485403,0.4587140790086736,1.7161818297437972,0.004206371427471351,0.004206371427471351,1.1599825759774756,1.4083949414724073
0.004206371427471351,0.046034637000562664,0.038275755163414055,0.35079492769202925,0.004206371427471351,0.09449140781520528,0.49289359844485403,0.4587140790086736,1.7161818297437972,0.004206371427471351,0.004206371427471351,1.1599825759774756,1.4083949414724073
0.004206371427471351,0.046034637000562664,0.038275755163414055,0.35079492769202925,0.004206371427471351,0.09449140781520528,0.49289359844485403,0.4587140790086736,1.7161818297437972,0.004206371427471351,0.004206371427471351,1.1599825759774756,1.4083949414724073
0.004206371427471351,0.046034637000562664,0.038275755163414055,0.35079492769202925,0.004206371427471351,0.09449140781520528,0.49289359844485403,0.4587140790086736,1.7161818297437972,0.004206371427471351,0.004206371427471351,1.1599825759774756,1.4083949414724073
0.004206371427471351,0.046034637000562664,0.038275755163414055,0.35079492769202925,0.004206371427471351,0.09449140781520528,0.49289359844485403,0.4587140790086736,1.7161818297437972,0.004206371427471351,0.004206371427471351,1.1599825759774756,1.4083949414724073
0.004206371427471351,0.046034637000562664,0.038275755163414055,0.35079492769202925,0.004206371427471351,0.09449140781520528,0.49289359844485403,0.4587140790086736,1.7161818297437972,0.004206371427471351,0.004206371427471351,1.1599825759774756,1.4083949414724073
0.004206371427471351,0.046034637000562664,0.038275755163414055,0.35079492769202925,0.004206371427471351,0.09449140781520528,0.49289359844485403,0.4587140790086736,1.7161818297437972,0.004206371427471351,0.004206371427471351,1.1599825759774756,1.4083949414724073
0.004206371427471351,0.046034637000562664,0.038275755163414055,0.35079492769202925,0.004206371427471351,0.09449140781520528,0.49289359844485403,0.4587140790086736,1.7161818297437972,0.004206371427471351,0.004206371427471351,1.1599825759774756,1.4083949414724073
0.004206371427471351,0.046034637000562664,0.038275755163414055,0.35079492769202925,0.004206371427471351,0.09449140781520528,0.49289359844485403,0.4587140790086736,1.7161818297437972,0.004206371427471351,0.004206371427471351,1.1599825759774756,1.4083949414724073
0.004206371427471351,0.046034637000562664,0.038275755163414055,0.35079492769202925,0.004206371427471351,0.09449140781520528,0.49289359844485403,0.4587140790086736,1.7161818297437972,0.004206371427471351,0.004206371427471351,1.1599825759774756,1.4083949414724073
0.004206371427471351,0.046034637000562664,0.038275755163414055,0.7304199490213186,0.004206371427471351,0.09449140781520528,0.8725186197741436,0.4587140790086736,1.8749107709195867,0.004206371427471351,0.004206371427471351,1.1599825759774756,1.4083949414724073
0.004206371427471351,0.10293672789089692,0.038275755163414055,0.44107996407976313,0.004206371427471351,0.004206371427471351,0.8725186197741436,0.09485092802845875,1.9752021282900232,0.004206371427471351,0.004206371427471351,1.1599825759774756,1.6135291512768324
0.004206371427471351,0.10293672789089692,0.038275755163414055,0.44107996407976313,0.004206371427471351,0.004206371427471351,0.49289359844485403,0.42033193069065816,1.9752021282900232,0.004206371427471351,0.004206371427471351,1.2960728019180685,1.4563357030160613
0.004206371427471351,0.10293672789089692,0.038275755163414055,0.44107996407976313,0.004206371427471351,0.004206371427471351,0.3568033725042612,0.18513596441619265,2.300683130952222,0.004206371427471351,0.004206371427471351,1.2960728019180685,1.4563357030160613
0.004206371427471351,0.10293672789089692,0.038275755163414055,0.35079492769202925,0.004206371427471351,0.004206371427471351,0.3568033725042612,0.32214645135746167,2.300683130952222,0.004206371427471351,0.004206371427471351,1.2960728019180685,1.2216538345291723
0.004206371427471351,0.10293672789089692,0.038275755163414055,0.35079492769202925,0.004206371427471351,0.004206371427471351,0.4568421939865149,0.5224873543785011,2.505817340756648,0.004206371427471351,0.004206371427471351,1.2330233937293322,0.9643418614542097
0.004206371427471351,0.10293672789089692,0.038275755163414055,0.35079492769202925,0.004206371427471351,0.004206371427471351,0.8364672153158044,0.4729389454744619,2.638871089356119,0.004206371427471351,0.004206371427471351,1.2330233937293322,0.8592464731320381
0.004206371427471351,0.10293672789089692,0.4179007764927035,0.08568861676740121,0.004206371427471351,0.004206371427471351,0.5000562419154115,0.701771472686751,2.488078595239119,0.004206371427471351,0.004206371427471351,0.8533983724000428,0.8872523608543238
0.004206371427471351,0.10293672789089692,0.038275755163414055,0.08568861676740121,0.004206371427471351,0.004206371427471351,0.4861032781825363,0.38851424945086793,2.767137869896622,0.004206371427471351,0.07057416952087758,1.2330233937293322,0.8872523608543238
0.004206371427471351,0.41214368041998634,0.038275755163414055,0.08568861676740121,0.004206371427471351,0.004206371427471351,0.4861032781825363,0.6158930562600967,2.867176691378876,0.004206371427471351,0.07057416952087758,1.0969331677887393,0.7241641311833342
0.004206371427471351,0.10293672789089692,0.038275755163414055,0.08568861676740121,0.004206371427471351,0.004206371427471351,0.7798498830851713,0.6158930562600967,2.933544489472283,0.004206371427471351,0.004206371427471351,1.1784154131286695,0.4304175262806993
0.004206371427471351,0.41214368041998634,0.1815286245745643,0.004206371427471351,0.004206371427471351,0.004206371427471351,0.7798498830851713,0.5930508602743024,2.933544489472283,0.004206371427471351,0.004206371427471351,1.3216682825398194,0.4304175262806993
